DEPTH,RHOB,CNLS,GR,RLL3,DPOR,Cluster
195.0,2.4490142459033697,67.23909989428513,55.33451734641178,106.82545140520193,49.44453220513133,0
195.5,2.2585207096486446,39.45235362311169,36.411477001329665,35.338742268725895,57.04389031602977,3
196.0,2.4943065614302076,49.47517264254557,74.22658740733611,33.56444747547478,42.97850473923911,3
196.5,2.7569089569224072,76.56200953453265,16.94681903311445,141.80112842126061,51.04319288243736,0
197.0,2.229753987582999,40.59549413318349,79.69503142554345,133.4718576710947,58.17453261250175,0
197.5,2.2297589129152455,77.18672836995393,65.57192241103994,212.12788743571434,51.67139595617489,2
198.0,2.7737638446522173,60.616279031832136,56.018904943952734,152.03600740289113,54.06613141100052,0
198.5,2.5302304187458726,41.56299836158598,22.158907981996137,-20.246424140785436,49.70667887551629,1
199.0,2.1591576842195144,59.48611608583281,85.40800319709149,184.1558094178335,39.85529690819233,2
199.5,2.4627680130757894,64.58831674440094,54.01897481014266,20.155149814846965,58.215932113392384,3
200.0,2.160974692156261,59.327149433257944,34.90249492869136,69.28229824381188,72.54933071647241,3
201.0,2.37258868146981,39.09294236262697,69.17455284848091,259.6533991827172,57.25264117247549,2
201.5,1.7260159266026605,46.287220466727426,123.16754790009233,348.7934844804289,61.92722755116859,2
202.0,1.7825246502460899,48.88349856349931,119.8377764364361,148.53784473089462,42.30669503453301,0
202.5,2.131313741227708,59.31008146326017,56.28711230241184,85.34427050236897,72.02514658129606,3
203.0,1.9961506638996727,52.66551501399881,51.933638189146585,142.76045187844403,57.02328796422802,0
203.5,2.394274199778582,29.969834619348482,84.06322768225071,171.01243406990687,71.3185689908911,0
204.0,2.0275927773436364,55.70296776508945,40.048436824351256,74.34658995542466,47.66967004476011,3
204.5,1.8763088895994124,59.15878617925735,79.05375699458398,243.61690847298578,73.18061922557825,2
205.0,2.739694630676466,58.396856718965594,92.98240835154071,118.40566073531217,62.75155494034783,0
205.5,2.232267109854039,66.21171088331933,106.80799671652923,139.81944712731155,60.530400858523585,0
206.0,2.320258461406377,62.50883231823356,66.99537770560141,153.2739401643569,57.34024454353148,0
206.5,1.8725755441359628,56.88770118842655,63.88978749469102,133.72692884915645,52.514713819255505,0
207.0,2.136685182642445,48.94751432812029,43.66052239730317,167.11524003756898,67.00531658473872,0
207.5,2.3332767769129594,25.08558599726013,45.1935893788042,50.61974507624615,56.40359869848047,3
208.0,1.954701926773309,56.44427328698879,63.2056332429542,55.335859684317555,35.32930296412847,3
208.5,2.4127094055037013,53.115315307446664,81.02096520448535,11.987661362264404,43.82813538292997,1
209.0,2.1198083930243583,54.0736825579306,97.40753878699749,135.16009844961812,53.14154247807253,0
209.5,2.2124918750620166,30.84877136269536,45.90463147958965,162.31492028096912,58.09998983165555,0
210.0,2.119488016331181,33.784151893876064,114.78065706878564,136.62182929215086,54.43411511100104,0
210.5,2.855683455352681,65.79729279999356,61.86629196872293,233.959394667803,67.18970789793663,2
211.0,2.2959508325786198,49.406672692150174,69.35898116954692,99.55231849367628,35.48898135961375,0
211.5,1.9826867213132298,60.22251046058936,47.5836496255653,153.499332447401,56.435879365051605,0
212.5,1.933746905008693,50.446342092436176,96.52136189083149,69.03202380204792,62.59712295484168,3
213.0,2.3626590785014265,64.07425708963997,92.105316912773,155.6430206052622,54.05541285557997,0
213.5,1.7120989628360672,42.25932907673939,61.5601732864536,167.92816885945152,59.19609972024118,0
214.0,1.9015441853304706,51.44181165411475,72.00972151674615,76.48264418686543,46.36117039410234,3
214.5,2.359058370760737,43.06587066942436,85.47817653112298,94.27205985135465,67.7946493165775,3
215.0,2.521539973998623,43.482556588515266,23.123624293403722,-21.429899734464755,65.41724664058852,1
215.5,2.351410484356991,45.36241814797041,54.128419679611156,71.43766393547125,60.835443030118874,3
216.0,2.2653055152835275,53.33200657450569,93.82794038865481,171.2306530815829,53.704827531365595,0
216.5,2.209668891323213,42.818770675047844,32.37131730492252,146.0164012885253,60.798572852951324,0
217.0,1.8564434028897716,68.83634188360281,78.80673796499887,140.05325771049678,47.93107432012651,0
217.5,2.084046737481587,36.580890466707444,29.30254586129785,103.9818949744768,63.55555659020712,0
218.0,2.1618083687120637,47.196925337579614,83.99289947300579,100.56505269025412,71.4948089432392,0
218.5,2.6171366678656747,43.40403412588738,68.93075553107549,47.17430884212423,65.70610559979187,3
219.0,2.4030854868705385,71.704668265306,21.546045522834717,155.90627361620278,47.70397530192591,0
219.5,1.7710879533911796,52.94832164767362,104.94218063371514,133.6778355511512,58.61417317273103,0
220.0,2.397225190818438,65.47766809202952,47.96225269605853,139.36150783942395,42.06858456241352,0
220.5,2.1844753158751047,27.71659440444542,45.692426889568566,57.91721258659357,60.723903111756755,3
221.0,2.096923399908212,54.00575398803888,76.01707591692829,-72.26743358969955,59.50603412862539,1
221.5,2.48350288665226,63.34446193435156,104.45912048286147,187.77221694029566,36.30183660467836,2
222.0,2.6092998567487853,51.23425983913136,39.52534543064809,61.69300351932767,43.38216156087636,3
222.5,2.579384035734859,65.98220562598027,71.85039549543914,30.977938876550354,52.16861103256233,3
223.0,2.048234743033208,42.24067324849442,82.86449500991719,155.47831295311948,51.991402528591735,0
223.5,2.2072362872446356,71.1402116027837,90.79316821789432,68.63898880646963,42.90523064581195,3
224.0,2.399379029421069,84.48347185428875,75.29324665831676,184.79491072372974,58.889787293521834,2
224.5,2.5926635381367076,44.55742159340512,58.98916482750033,149.3604759661358,57.51473608940512,0
225.0,2.156247728646413,43.31746217898842,45.172293380538406,154.6855458560382,53.05730868021481,0
225.5,2.2443023070008548,71.80076715676552,72.58431649139125,-9.276456896042745,47.44208499841637,1
226.0,1.9680995077981913,73.69358218596068,37.83582964043179,196.95551883091204,65.48707126416564,2
227.0,2.543757746718259,43.69719774356214,83.09679412473004,70.45782886030375,50.16438516153463,3
227.5,2.7068720085712465,45.773230867092394,97.11804523258586,111.47107738738009,48.878330828451794,0
228.5,2.601059869367607,36.220220802737025,39.708078858701874,132.69222491845366,51.419706202530136,0
229.0,2.40849080751429,34.93788849871898,88.57462783015593,17.65027934543427,53.60602799336766,1
229.5,2.1064640736184623,38.483036523438074,131.72486409135095,-8.213622867482755,62.396531517246714,1
230.0,2.408418681652524,49.47972668919828,70.62381123026223,-21.788734897431283,35.906439124927076,1
230.5,2.7614109699397904,53.51322098804781,48.15991176312596,189.01506999919403,68.1830232485267,2
231.0,2.2892521882670143,73.25750739221115,64.51310676685479,49.658928504576906,55.72680524329341,3
231.5,2.7693930967442015,35.024689388918134,111.24629257444555,222.69821679331994,50.8850685543782,2
232.0,1.5140764687730766,64.76483597714875,50.62107462626394,57.13588295581617,54.10765845778551,3
232.5,2.546570751312567,46.790167336617365,46.024239800492396,-36.588636607435745,54.62429355020519,1
233.0,2.326114120471451,49.25804435521351,55.51769433453903,10.678044804107273,37.68798696555075,1
233.5,2.2102977948602396,60.122292382499054,41.400141752238625,198.8649296005551,69.94938227453235,2
234.0,2.3275282329606504,33.159169676565526,73.68010947984386,87.5281457650666,55.41325632270618,3
234.5,1.7037293256197321,55.736146192760756,118.74035375408681,56.13701628075192,59.430021304473755,3
235.0,2.234098433648746,52.49678312319584,79.69237819348088,112.80145806822301,64.51549770574043,0
235.5,2.4071337714535237,57.38676896012224,62.429394936211374,140.1426188934036,44.788375424396996,0
236.0,2.7433682134224546,54.33752965861727,61.24566193253368,189.39190527219688,59.734718990352285,2
236.5,2.1445189345179054,86.82950209866341,23.104275739100288,215.8799383914341,52.32358909101207,2
237.0,2.0574519191320437,40.43390023623026,96.49329331441477,71.21850833687314,63.46770775216494,3
237.5,2.149472886924639,42.035045674972736,67.66488408961594,-6.0838148865630615,33.727725796485046,1
238.0,2.5746206353106222,40.65289210362853,64.58560259228123,66.92278711013792,54.00905699758731,3
239.0,2.1410719388698882,40.439193090402235,78.96258725097059,22.899285903151124,59.322629506341556,3
239.5,2.4539802299340066,67.83524796661328,47.44626849714447,23.427926808396563,59.700441873682024,3
240.0,2.329123264804412,71.30756371984782,57.2092721138337,127.50303052399083,47.92374105177974,0
240.5,2.5905934971598668,41.438805593757856,104.45337127590264,96.1078118743639,47.87826135823956,3
241.0,2.089384071836794,37.51466640343657,73.39811231613294,102.62375963292692,53.89334631442671,0
241.5,2.2017013560206693,57.07123334579606,26.851660650478998,39.320373223994444,46.033577726847916,3
242.0,2.1823675540603524,41.716654335785435,97.5768680372561,81.56794286353862,63.41983695452127,3
242.5,1.8609455155603642,59.493977266332664,49.95567743383018,26.061348458535647,51.30792799552554,3
243.0,2.3888360831193727,53.0438453127695,126.19893328652637,171.21587288998296,25.930117806783585,0
243.5,2.3783165816539666,27.263838275041522,102.40144197143945,182.8199467779002,51.25177943378194,2
244.0,2.301534036992738,73.21257801995093,56.580343130237466,-47.69502897904749,44.61456179156028,1
244.5,2.2296238599874556,76.93816509643283,108.4304908520534,25.639131184607194,38.687241845390545,3
245.0,1.8753887773848756,40.80816964273421,72.0356653158221,-19.72234040720633,42.62573361777427,1
245.5,2.173806403170392,44.18447660096024,95.58321025366658,47.998085247448145,56.094084718329704,3
246.0,2.197185645041969,54.287980860873574,84.54198451883424,93.32496241677113,68.28640828248231,3
246.5,2.0593168192335143,55.01685184980538,44.6093003502738,-15.971617575882405,58.131844738649804,1
247.0,2.251614286500197,59.878164090092454,50.69350503047614,26.25121494997495,48.934966117842606,3
247.5,2.4212152570443615,80.15306808149525,100.89882452743484,19.683410233480117,59.55904195170703,3
248.0,2.865855770363159,47.34579158758926,59.95674003680377,116.58138635191551,50.40909689781008,0
248.5,2.3523733438495515,38.02554133192319,57.890546102740096,105.54754696290003,48.05399630836855,0
249.0,2.377265117216829,29.31021157978209,41.34632261951941,42.26099573301973,43.456373317670156,3
249.5,2.2776662252701496,39.036049400871214,82.70797196780383,114.14566977115184,37.48171193248281,0
250.0,1.7243686354102874,49.503095406893046,131.87574757729436,56.26559323301877,51.100762934405545,3
250.5,2.292045837365235,76.91836795276681,37.97401257237181,78.26759117391575,56.58053489920132,3
251.0,2.3180690629823077,42.235830514457426,70.72658370018274,233.87616722388296,54.0337632998511,2
252.0,2.242291710565663,49.753656558908716,67.61075826262855,-3.9664989542078075,45.542539393032186,1
252.5,2.3904642027000835,67.82589910172126,83.57115388749202,166.37859343033398,61.08246191684969,0
253.0,2.2895864690884267,87.90398638810433,38.128194155593604,164.91172435932737,41.82868080053415,0
253.5,1.9493965887141402,42.03696840619519,82.84921291622946,8.138936899790536,62.760279138434754,1
254.0,2.642846844354506,42.658408362226666,64.38567204986353,165.50221150038885,44.97782981073275,0
254.5,2.525579909806032,65.66241315603608,99.5718998703959,223.03455347300422,47.47564762646965,2
255.0,2.537309584112914,60.22837234439467,105.62158154694254,10.19641550044689,40.33214809384323,1
255.5,2.0271837635615784,77.7006098860405,147.68690926055842,26.599774318858906,49.98597853114363,3
256.0,2.7208382932808295,58.75892277988946,87.38899519640727,181.4129173474802,64.75312458477978,2
256.5,1.8794446811623156,44.610618638194104,79.77388949746499,121.71962486605184,60.15628088443957,0
257.0,2.4760571281400807,58.85982246038464,75.83152904732007,144.11810201916185,64.78422112028035,0
257.5,2.9571366877429934,66.63055370874362,59.40501121567935,127.24713731203974,60.22142545933936,0
258.0,2.0028391024607934,62.30723271796046,80.15451530385073,131.25567367425154,43.96330171469631,0
258.5,2.1301106811191683,57.609110466609465,61.137957695829115,-6.117770264886644,51.692107756724425,1
259.0,2.329895409526292,66.00012034383731,75.05382928808842,183.78541652971586,47.19800870882537,2
259.5,2.14895730376514,67.5394338566851,109.5279260682388,193.5671993942219,68.3057490403904,2
260.0,1.83480097068016,70.7323848655629,39.803723041610766,81.64874047455778,43.03211353573688,3
260.5,2.320568892441808,59.73064831384464,104.19635683387136,96.521844014891,63.93697689389111,3
261.0,1.9813088858821684,47.493228795247184,109.51345202019596,-22.488600204457768,63.929538701087694,1
261.5,2.4420777291905544,52.20070529649984,66.45794419026764,141.1403804814268,73.29620201716088,0
262.0,2.024172729729859,68.09763449762535,6.344353029742166,145.76459533713154,50.903134073705026,0
262.5,2.7649803215052615,37.74596493519146,51.76534038716703,95.02471864005511,62.123221595801624,3
263.0,2.0650240122991286,55.53009963309352,108.90983639683327,189.94826878964022,77.81651836538842,2
263.5,2.203381545138297,44.09991781508959,69.31395813103353,73.27382152160476,48.82358323066303,3
264.0,2.5440551652109007,50.431172344022265,40.02093303115268,145.16847407148802,39.6495975246764,0
264.5,1.9307407050698133,69.17677793910948,54.856752363153475,18.42685290463075,36.19989966092236,1
265.0,2.3682379803812386,52.86648602029855,95.2186007951366,98.11582793006095,62.12712028861331,3
265.5,2.6921428262847282,50.69654822234223,86.40200704604138,86.05165936777313,36.168497919414165,3
266.0,1.8177550296316316,29.60215788530121,62.83203702490917,118.02463376327532,51.27680947062077,0
266.5,2.355390157559691,61.193803490408314,58.99526764555937,70.43784569333131,59.37313187038961,3
267.0,2.377964838274527,59.68226271711613,58.24725552868534,89.48219234626657,56.85175536829914,3
267.5,2.534546861533193,82.4488208495819,42.32769446504493,166.0837737153205,59.25444864184172,0
268.0,1.9289147867365752,45.38332647570499,118.46127068408325,65.0588610209426,57.22289855800854,3
268.5,1.903863016074717,53.287254914959085,60.330385923659804,-28.526168059094346,67.78865813313394,1
269.0,2.456582469685069,53.74075525566133,106.51475562476489,239.96671233643366,45.476836192612026,2
269.5,2.3890954019699557,73.66179919645211,115.63948155767355,210.5163262952389,48.23004861541469,2
270.0,2.3751478551037626,48.57056701419572,99.94932694443881,-3.381015608449488,47.27340554729176,1
270.5,2.4039344628490924,54.185322886555085,57.05139061845855,155.17662441961556,63.301918118626105,0
271.0,2.095992583526453,59.11844764574809,82.11190271009828,59.76201835589255,64.00398588395063,3
271.5,2.3696761091483007,52.79913684734537,69.27413180827251,121.07897722648477,59.51225319318508,0
272.0,2.3879217419896044,43.30349578174208,42.88894417809615,123.5379303210795,66.83493666889927,0
272.5,2.0856945745920896,52.911349893474615,79.73077845164809,81.24737597469424,43.21959132623619,3
273.0,2.8597323533434267,66.10447624789659,34.628806265205924,37.29874675308828,71.67224111551137,3
273.5,2.442149876273536,34.602270508834096,105.63038165384691,44.75671581469925,70.23238621712258,3
274.0,1.9426089508392053,51.99454511220314,56.06148108104821,26.704646761500598,62.35621997245747,3
274.5,2.4969660825901485,39.4981877759124,76.03478967618518,33.454223341564415,72.8179890877106,3
275.0,2.0075954989318032,67.92569943387264,78.49863614638426,94.62573679605158,38.43376792322226,3
275.5,2.5361253811227353,27.15219642824338,62.23285078887768,42.73920087113986,49.755518637373484,3
276.0,2.647578673702221,41.61617229092617,87.60081404425824,154.5641652570096,47.64696539318048,0
276.5,2.0537953044944866,55.658178125967815,55.75289030132427,218.97969242687418,62.21479323757343,2
277.0,2.5890128387732965,73.4828604385151,96.13891892371733,53.59574069039656,44.498592603978544,3
277.5,2.423834278080949,49.01374608390518,29.620609592597546,119.15236004283017,62.574951493374854,0
278.0,2.5466180479983467,41.67200709960203,73.79138738639236,139.9748088242347,68.70536143996713,0
278.5,2.869037894796184,78.21735604160885,128.16786997174853,137.76018167354195,61.95202900083999,0
279.0,2.226383565199139,28.27979149375634,39.99006026183276,106.076421433287,57.83751023661501,0
279.5,2.073879150692753,17.017910650698774,49.667650884254456,159.41459346877778,45.121266590992505,0
280.0,2.033145671112343,56.60021675079999,85.41723548976745,138.57991621445257,46.53149033874635,0
280.5,2.0552569145103683,42.46918663471083,75.38745345818793,0.9870062138161728,67.49618905296667,1
281.0,2.2768694871757686,34.681507743039305,80.51890297820678,169.53248515114186,62.793490039053324,0
281.5,2.402345592444993,60.6253467094903,84.67561390442991,170.98326698133937,54.60980480622456,0
282.0,2.3830072397990056,53.65701070656798,89.0416440568531,38.93711166571347,50.8209045423411,3
282.5,2.548154974710807,41.538820538949075,103.29099525868669,103.03502683580817,34.74192126888623,0
283.0,2.303900567563372,30.795434019936582,82.29455970785537,154.66631942488556,44.291475813155614,0
283.5,2.736060223147195,63.08685992420217,62.762270361443726,83.25489443365107,74.11419087139723,3
284.0,2.220602950028613,59.753017669379915,90.17721103608194,185.83824382128094,42.195444289975335,2
285.0,2.4877002043295016,77.69955494071499,66.02098760852279,37.121117389201416,65.07443973195198,3
285.5,2.042852733075115,33.94872850510771,40.764120859880755,-10.483568252301993,42.450773319977074,1
286.0,1.978732250581666,27.117122436128916,103.21242007860918,124.30548764839006,56.84710474781083,0
286.5,2.4447417245729555,39.62137895178133,66.38856508139206,157.72500041009147,64.37915537510655,0
287.0,2.2329611644022447,49.31620975466753,4.819913619578912,81.53069009241848,55.1249932190725,3
287.5,2.5142001482276273,53.65009173984038,95.42265031451265,216.26085306568274,83.68403055666768,2
288.0,2.441971287372063,46.38145913215505,53.94015442138232,-7.088463977859902,38.31400741121804,1
288.5,2.278151326202938,55.28083094771445,67.28400153087517,155.4334898425289,65.5872852988388,0
289.0,2.0459618845794783,31.22690863714334,79.95940991707043,51.53113433928853,53.27198262603535,3
289.5,1.8455458325942404,71.65646906109889,75.71499039337199,237.55023249658373,62.719201548366755,2
290.0,2.1660455143798933,48.76773232411147,91.28355451417119,259.40122825344946,59.41307151699246,2
290.5,2.5569196382970416,66.75943747382192,56.935408882904696,38.66747297733217,47.668438028900034,3
291.0,2.364228123239061,55.14088019566556,85.39317394528248,56.03542912731359,57.2899639245934,3
291.5,1.9262783663864034,56.85129828730676,62.21359967248249,168.76703095838417,36.42098548601713,0
292.0,2.3519542777553544,58.546509203483055,92.16431442662508,69.02954801683883,61.032475005713934,3
292.5,2.415595213918651,56.715628400259725,88.4610245203916,96.36710256542094,57.98158465990526,3
293.0,2.03484276913966,59.64084139801316,41.93683893866214,102.03107364339282,61.38660168643102,0
293.5,2.346117531783658,69.93728795198646,102.57946348525097,-53.5738524958125,65.5811832508715,1
294.0,2.3174626155338,52.94781754552205,53.92109664657856,98.89298031246102,58.67619840209711,3
294.5,1.9571089106508128,60.63505636382769,94.24173394843436,44.82177807486609,56.480894197982764,3
295.0,2.4073362081044847,48.6539645856916,81.01861940204022,60.55017420801824,46.18931663338708,3
295.5,2.46823535791047,71.6017582317421,125.14551030385368,215.49056027750512,47.87779236350949,2
296.0,2.624915372952583,39.85411546911095,63.29602052884444,-0.5205515423405132,66.86734620177332,1
296.5,2.6161406156104707,77.01410649366224,59.520496116454076,165.0564149398382,69.36335405705978,0
297.0,1.8866991896128726,49.39763074033485,69.41741182336803,77.68296557345532,52.61889563687946,3
297.5,2.018652488025463,28.538373468229278,60.90460651497174,77.61918652033324,55.460027472532744,3
298.0,2.454510580162598,51.92156622366184,93.9982570582615,163.22975168413691,45.95385625006234,0
298.5,2.4541357852736625,39.78422513787679,21.510681746902364,127.20410356551123,66.72756845267445,0
299.0,2.454514305891814,62.60965323483086,38.38952742560937,145.64903977756248,61.65416823691778,0
300.0,2.47126715320795,43.307248501778304,98.50922775920728,73.49532934533418,46.21676922820261,3
300.5,2.6406696920541797,21.656889035817034,121.31840117745776,51.021061239379975,51.21992100981783,3
301.0,2.5862005290479604,43.21540521126385,66.86652344387585,13.187957875376156,57.314459225255725,1
301.5,2.4954173753917392,13.64181010056565,64.93534830429968,33.967157601683596,61.464895377257704,3
302.0,2.205419226607896,26.24145764771415,72.10156489339545,335.927554024698,52.84332362452368,2
302.5,2.52769076614798,61.40621984216446,104.85634907824571,199.57436645894293,46.270389095462995,2
303.0,2.068152435638728,61.787002379762484,42.17940597428277,-8.0859492966417,63.81407528923571,1
303.5,2.228954417977997,56.38186342677447,77.15106948204355,-5.796636539485604,62.211353625455814,1
304.0,2.1543909356512687,35.495357853061805,99.25592889347288,138.5492849374793,45.83725899436275,0
304.5,2.3245622418158964,49.2843296578703,85.03282509819536,143.78118379023735,68.55442801105495,0
305.0,2.9943975700020524,49.945961913641476,75.68744849796231,143.91070682538916,66.70198709196603,0
305.5,1.7398204422224754,32.624529662111854,100.03138277701424,79.60353651570418,56.34296497247793,3
306.5,1.8161852386431043,63.16043435863507,90.33625958592722,126.2303619327486,60.540577711159074,0
307.0,2.15842044026317,46.68553739255504,50.37772950617729,106.87144050346643,46.38296929743742,0
307.5,2.6266851790902095,50.40328758491796,15.081013094306293,-77.5440298198028,55.30031479164082,1
308.0,2.3192840057286386,53.125742119213285,85.33607798574943,81.6160295539845,33.4761645539082,3
308.5,1.976676566621208,19.373976973635642,111.20975635488873,31.88748525917491,63.76455645502936,3
309.0,2.0854088872220093,46.29233926219105,65.87654456116924,114.01691351268096,39.385067775581405,0
309.5,2.5038793246804025,39.77023628003302,98.58623641608817,338.8207202082728,70.03419828428999,2
310.0,2.080890010484859,34.975699851576266,118.36834773965936,129.39853323794435,51.698799060335496,0
310.5,2.3649375768745924,45.78349560671067,109.44743360752142,74.91762510620816,52.88333018068823,3
311.0,2.313671551971144,76.96529790274283,119.19893588114178,173.74412015818018,48.72266093915494,0
311.5,2.104519895718255,59.61264291900515,92.26382473215676,138.61503097673702,52.11961126077924,0
312.0,2.9431832267975975,41.432315153258045,72.26300916704778,133.6075592361473,69.18531345148037,0
312.5,2.4901757066954033,58.58874172034238,21.94102564308495,148.5480474572537,30.121913434649205,0
313.0,1.6924572240027178,70.99033154879004,62.618125356101544,264.5234851863633,67.76965386088187,2
313.5,2.355936294430828,63.869505243691535,44.702602140514244,9.528925173926751,58.38023481101708,1
314.0,2.1014640605694836,50.89445554880261,135.1282815249344,137.89056614491636,42.929783521427844,0
314.5,2.5557300004388672,40.295948334416394,64.7234256270299,25.88950960147693,44.24687606950762,3
315.0,2.0622437784701897,60.47334970420385,73.69614420353457,144.44101170737986,71.76393027208204,0
315.5,2.2655790675599303,55.90228078132624,86.54456128121403,26.505079081112456,45.54493120057269,3
316.0,2.451496183694137,63.42789830041598,71.30807339117361,66.61065491159326,43.46649489404041,3
316.5,2.559726558251036,59.52757702522954,120.8515312129226,76.3928068609675,66.37314542364729,3
317.0,1.9399110778832669,65.74329072979003,51.320519147966436,178.06533754757672,58.385528762859146,0
317.5,2.1996496292477152,41.97147182659148,75.83822365711728,173.4763555153931,45.620744234636014,0
318.0,2.157516406651713,69.76091098451488,47.72588242905855,0.34260988428924577,57.16624975404619,1
318.5,2.1040012302278863,52.96399407038599,30.399324663378827,104.3947288799879,44.742473163597225,0
319.0,2.829636272084329,81.12891308937898,51.64692727284144,43.23361162006619,66.00821398422605,3
319.5,2.4214945132882866,39.66218272865648,68.88889608854764,-0.6803928540267634,65.61370964873133,1
320.0,1.9217348136994863,76.03945704747875,57.120933264482204,82.63863596605037,60.32006198821943,3
320.5,2.5753585841164326,52.96866175193972,49.22737060378432,75.32137692353442,58.61661061247017,3
321.0,2.9366468591037895,40.22872994578327,27.810476089844983,294.13731890764177,72.61188124867374,2
321.5,2.609739578165344,42.741712489185176,67.50683282113916,134.63678602885568,54.996863273882255,0
322.0,1.8441890102137959,45.1947903770852,24.858388779069934,-10.209400060338979,43.181258745791986,1
322.5,2.1547297781401245,56.36248919602875,92.80167891068808,54.81807966632462,59.49473912832307,3
323.0,2.6800733447559866,57.84253232053249,72.4731925880351,181.71066363435187,75.86047049537115,2
323.5,2.0876991603143655,41.394499940921314,26.273455016052083,267.075421829594,44.85240506814148,2
324.0,2.4331458284438683,49.634681116085254,60.7237276885041,-26.87866497903667,51.38537233306014,1
324.5,2.532390216028801,82.13405537917795,47.435307832282504,-50.3939508111236,59.16446038101453,1
325.0,2.021920858526575,75.91314755151066,79.57523531257542,249.67721402974257,54.46095150994261,2
325.5,2.2821423931814597,56.54485504511048,110.21351338069434,131.16913418967232,45.176964196226855,0
326.5,1.9926837075997128,51.80046990077392,73.45078237442252,142.77032688979483,78.2004072201726,0
327.0,2.2242295545820516,59.20276959095625,65.19601613300078,-110.85981912135023,56.96131459023907,1
327.5,1.925665045410545,34.658111522023916,90.14020229351397,100.27004052777288,45.95931710264,0
328.0,2.7897233911794905,46.139351938649824,76.39589884713067,126.22569382744682,39.51039474946525,0
328.5,1.87095758661181,24.97123889183616,47.44092004783543,173.94161116302638,57.57975981221181,0
329.0,2.1679866539909045,55.98834683907919,60.42838193000146,18.88832381659698,66.03877343316258,3
329.5,2.3392221731858274,59.707939095541114,46.11922429589533,106.85497291226872,59.751677464953815,0
330.0,2.7323819867198345,42.75220306550939,102.28021415795794,25.96602991523301,54.97596159081146,3
330.5,1.8692413546461681,73.6098014493505,70.63934946015827,120.43070045394536,49.107283482106936,0
331.0,2.648949125646488,31.613515054964882,127.03572057259022,28.372294210958074,44.0783636728191,3
331.5,2.303069918305876,28.034376796852698,68.18017558556137,67.35193286718234,63.34751326324882,3
332.0,2.0055474046856148,53.36677727839958,48.74779699268612,20.33476841678167,64.13771621385585,3
332.5,2.438631042278981,65.70647453918232,24.588568221615184,152.09089934589258,39.54270213309267,0
333.0,2.359717908672041,75.25891537186803,15.905809712321648,168.67608933253322,70.89838978180684,0
333.5,2.1199349368523612,43.1167360569659,22.475921709835305,81.23035440340689,60.74071220894001,3
334.0,2.3209406254970055,66.18021250146944,78.0137995303445,103.05903959680226,68.99594645145794,0
334.5,2.184405920941472,49.422372957489394,85.26175069689802,-15.887313170683527,41.57872251514885,1
335.0,2.334055203575374,47.41059050088771,22.564278939036,76.02586815945703,41.34175844584561,3
335.5,2.4986392023563138,63.25489906230008,96.85114942228347,95.98363063666042,53.51030690232703,3
336.0,2.7758050448436054,59.78484317620129,55.508168449496814,309.663447282398,60.02784426895194,2
336.5,1.9286553503519452,26.354117645236258,74.40379035956649,11.042637938066918,72.96360822926964,1
337.0,2.9399100123968798,72.14810524588844,118.36661884766272,217.134179100195,62.060789138151314,2
337.5,1.7143736601432493,70.70137031221176,96.90517947596595,179.74870187726464,52.573187231879665,2
338.0,2.254464471489325,40.61655947735706,61.94408056282503,122.45091235921092,44.73630792334108,0
338.5,2.4764951619453726,55.93705300156114,43.264233237541376,240.68963873561069,67.3000057271915,2
339.0,2.3842975603205097,57.41045279424108,5.445537960120845,129.76843780854904,45.35294574249285,0
339.5,2.1131901440538217,53.910106487358604,48.42540042272739,131.1327356534343,71.28468554772321,0
340.0,2.2375633248928173,41.7454226923187,63.66609283516917,95.75034775859638,52.15615350393491,3
340.5,2.15209971960235,39.92564948092922,40.384614185464486,197.8855105934902,70.9058207261785,2
341.0,2.1231905729167364,49.61668893512832,66.06229098723085,187.7175387048707,61.78931290059278,2
341.5,2.5548806291063073,67.59093528889048,72.30555648876305,49.94581700030301,53.63004510557542,3
342.0,2.407104645789514,58.15400231891648,63.25432054575764,-5.539775567901387,49.806036281738734,1
342.5,2.092127121421804,44.44078501870841,50.49992257529621,83.76154900834743,51.5909212265392,3
343.0,2.569879962629975,61.57548065972517,75.05964015900183,35.99691484818828,59.283166923752376,3
344.0,2.543858635651688,67.23148550558156,37.28802767671462,198.99505077473114,49.06188591931295,2
344.5,2.4888886525770837,23.904293318328506,112.3279713923881,63.4158675930568,53.34368589682368,3
345.0,2.051301496723378,44.563385878953014,67.04235603147215,96.574129495074,55.7857702971915,3
345.5,2.131945687940909,33.20495158060784,70.56548868834543,104.64181878467161,33.71265905585188,0
346.0,2.524188081536978,30.579777864186415,91.24643269769672,167.87447057642277,59.58168114788699,0
346.5,2.483111079630039,67.41240181067779,76.99648393790505,-79.75114671876841,45.20278775283193,1
347.0,2.2937295218107554,42.98448198032163,98.59409901739735,51.46397641877626,43.46667596794255,3
347.5,2.3351982149926345,55.197558225960734,78.61372495605472,116.90269538235782,38.1265565288929,0
348.0,2.6832994687365272,49.29619131681224,51.626878760786866,196.0063165141489,37.0610750213211,2
348.5,2.1225285833492507,57.15561240834682,80.84510575618305,60.64780419950359,41.44552496887711,3
349.0,2.4641292143510114,51.15232836590383,35.688213780380146,-50.124216483349926,47.9097904236951,1
349.5,2.2393422042698314,30.755116637171454,73.2567911732957,149.5769156772909,74.53259137526568,0
350.0,2.2346956390318335,64.94400229170711,69.00310028066617,49.171008893949654,49.74120324104796,3
350.5,2.6296330555961567,42.593651252580315,63.756494281823805,4.82666727277109,56.777501062680315,1
351.0,2.547624904696409,26.651271520103734,66.14387465683208,50.05236882294207,59.004813865063284,3
351.5,2.5440528908001916,43.578272585511314,13.544528635070826,85.23797138753204,56.31065186215849,3
352.0,2.6916436421462984,72.51139685951466,53.538252767771155,51.62042683694298,54.225565392740066,3
352.5,2.3063011524898274,62.753326131702394,72.78534703423344,-76.44528456792554,43.04706236400755,1
353.0,2.504585891388489,44.77021798388211,74.79569175992201,171.76529575097058,69.50927548279212,0
353.5,2.206919973021963,44.76113443522357,39.169745772221255,201.9900033022978,73.07196643637886,2
354.0,2.3972499057465324,45.17547423173926,107.97123522594103,152.12175930716046,38.17341305877314,0
354.5,2.2609570836896946,81.15121975341262,44.01475455356497,8.985146366014675,44.7597140911362,1
355.0,2.3290987894978152,55.7290317834733,99.08371601580211,83.88067728419855,52.20189657622994,3
355.5,2.478547107631074,56.45062470786604,82.81583085615054,99.47829478164336,45.35462205089809,0
356.0,2.054533795029958,65.45425181047763,50.61318070468591,147.90355116495283,60.05965553455865,0
356.5,2.927716182705638,53.581837385397705,123.25932677828536,153.46723909744645,47.71727797593387,0
357.0,1.9981947855500892,46.11436781268945,34.190895047305595,41.266096097720336,76.65056067806603,3
357.5,1.9357434161636802,47.05475226372533,97.57462520830005,106.55964451308483,66.90548594343596,0
358.0,2.6474332620500203,48.92598110878904,100.01746954128934,136.5824323692193,57.12574030632215,0
358.5,2.5374988081888805,49.44166645235238,49.881393727700654,216.4657857717413,65.26986263319732,2
359.0,2.4872359451156463,60.9144431545547,111.77395900192985,156.36052318597785,66.05900424357309,0
359.5,2.4885036527792836,50.77918828710949,62.49860456203142,163.12453499004152,49.36052511941757,0
360.0,2.2963259681459256,60.98960115823369,78.66080887839571,106.70613023434888,46.83782755458035,0
360.5,2.0308236885542503,48.78925129837126,77.80965516313663,212.8367316162803,55.78143062969647,2
361.0,2.322741367458118,51.17952785474136,65.97073775588356,132.7810236767598,63.616361244979444,0
361.5,2.0968514865463663,20.026989732018386,94.32424819479346,31.11296718611436,56.390603986534174,3
362.0,2.592535920025325,63.74491512053722,93.80466161656639,212.26959761001524,39.23003517809003,2
362.5,2.255882785549358,55.19732713846989,17.544040802854575,155.8322618031222,46.97175556049157,0
363.0,2.052350840962246,64.97015164789478,109.13020728634459,64.55647830972141,54.26027136405622,3
364.0,2.423879436282687,81.32562057171091,100.97638613024972,123.72604361126093,74.72542176789808,0
364.5,2.1308826341588074,47.90615557767239,103.8011541048275,137.05478362140678,41.14012057601002,0
365.0,2.0533338813300706,66.62274225106275,37.27100709354405,115.78338125049652,60.055892418358745,0
365.5,2.3731061634475736,34.401411093117034,57.67557136136246,124.9046938754308,69.8911310832829,0
366.0,2.3734899713326167,59.191608575938545,36.828859945421925,235.99658996611043,77.71449745422797,2
366.5,2.147917047388661,34.198766552395156,63.55236909133794,185.72345217879086,50.95602576816039,2
367.0,2.158688508314503,40.64346558956292,60.75897147442776,115.25084730120194,59.914294527201996,0
367.5,2.369614981207291,78.71047030800179,93.3898159680802,175.30484646139865,60.69760357198647,0
368.0,1.8655746975508025,47.1397639885498,109.30926238358825,17.39808771779684,56.95481731553291,1
368.5,1.8777608676870332,53.26149309769584,111.87051432369869,131.83416399574472,54.01154798760694,0
369.0,2.084466733624269,63.05101596033131,53.13495920265093,244.7445079786488,59.35975389500046,2
369.5,2.235965854486446,57.43522831958907,63.72334378766416,82.5563283686101,29.677539147803145,3
370.0,2.393272269679401,52.256283577153646,19.496854233371494,32.189285710473214,61.820694900626314,3
370.5,2.7426068650848654,55.47441503699338,45.82389800511434,47.83288891255515,56.26177903661967,3
371.0,2.5572978869606056,86.05123377857413,98.94554899292373,12.829357012608938,52.77525103221735,1
371.5,2.252018441010972,49.13571804449622,118.46748470644695,37.21904734978373,75.46862195719558,3
372.0,2.2942951376291933,53.016485700724516,32.96953384360234,70.35935211279768,48.250659812094476,3
372.5,1.9992411906086571,65.75981594011418,52.226072225413176,-12.445361534291365,50.96924010934969,1
373.0,2.294446059202283,66.58288899436975,69.20782729123219,101.24946671596824,74.91553302204734,0
373.5,2.2134024083239585,67.8054545834057,78.4048347645882,172.18217390293177,46.679386951501435,0
374.0,2.3968155681014265,59.580953330437765,45.711894402350616,27.379505588246374,49.49884717063461,3
374.5,2.051830716934303,32.854926309042746,82.7218313339227,221.54271389134152,53.5297457656915,2
375.0,2.4558039542723513,74.50147298451644,55.78481958787252,140.86336708220756,63.407344821295496,0
375.5,2.759821673900773,32.804819104719684,69.56643187365162,182.4464468499246,57.078025073533134,2
376.0,2.2673719554629423,54.5395319785855,86.38852744011099,47.37323569182904,42.07374652847737,3
376.5,2.4205135166296823,38.68586224970963,70.19266809432814,168.36201816532926,49.6783143687281,0
377.0,2.5070431975133336,49.03792480110511,56.90842328420294,12.645287968374959,48.92645566787789,1
377.5,2.179633858434249,54.93143615455221,66.71170588222508,171.2198000669207,54.22778954776955,0
378.0,2.3672277445431247,54.8203582317541,67.34911122383994,113.7471471834825,59.25843658629829,0
378.5,2.3037777202345384,56.32881131352927,58.89966910353617,144.2600975987827,59.18205755887972,0
379.0,2.329302829564649,74.20566903587971,62.236118119986926,5.952431550011866,37.23988245951598,1
379.5,2.06809706484336,56.803014522709695,117.95941511514151,28.394412617871623,65.63940987560856,3
380.0,2.3073530522776826,46.33765047064027,86.82758343823716,147.77825746027077,57.52568845996623,0
380.5,2.449399487373635,64.46130752432536,61.13559045912519,24.13215966206394,68.84532047593906,3
381.0,2.7353430823385123,67.8420573338696,90.90863213532207,137.05650336792985,59.44198327290672,0
381.5,2.587781247825562,31.585882772945112,59.9854153073197,-9.37102451681966,66.01322957735762,1
382.0,2.9459547372534667,58.96100104774787,105.19373912759923,167.85393701333345,59.66545311450127,0
382.5,2.069795731133585,60.517591134663476,81.08926576594281,1.3981348185192815,68.46225756202747,1
383.0,2.5616961910162033,45.53654744960012,66.78093567987314,144.18399501436187,60.22250636017779,0
383.5,2.3550026017215053,70.6356021996743,83.43150777430833,150.05047469168005,54.02084753557096,0
384.0,2.9569408799653014,47.7491661945121,22.873715437945023,44.25825452563401,77.72434720446881,3
384.5,2.0575105143934542,51.88364680207313,36.19697593270584,146.56212536677816,63.89037122279892,0
385.0,2.048083447345767,47.40392263574196,34.18224980802834,120.83538106668448,60.73744421004413,0
385.5,2.120182206366793,50.23368571372201,74.2882928429112,56.89265150458094,42.23695583461664,3
386.0,1.662831282707058,33.55587369657197,121.97544998455277,19.31562527390335,42.11692382536462,3
386.5,2.1422734934957717,28.399236761085586,136.93900438577896,-57.01005533380632,57.92715482141853,1
387.0,2.0722602015338905,73.91757594837458,89.14153304322272,127.9720037839755,56.45521197768241,0
387.5,2.345118135942862,37.29557977522508,85.0253342483337,-25.184221708964415,48.858774349916835,1
388.0,2.4025267927331475,35.129114758155396,15.968267975417831,107.62753595530465,56.4098269961206,0
388.5,2.8628512517647655,17.699148295944276,53.71978600797935,78.92414271342007,70.88626928043595,3
389.0,2.585127151455815,40.41557378465747,46.366487442752835,154.33142203505565,61.954024745502984,0
389.5,2.126928903301279,30.153653098887524,51.37457205246652,75.83636004081086,43.589914902472614,3
390.0,2.0304755985954923,74.63022740204553,64.95568544245631,73.6441770922327,53.884911728570565,3
390.5,2.4475757514519514,65.1472563401395,55.83728266908618,158.54965634306365,46.950335191474394,0
391.0,1.903930037893807,39.67774482233414,10.62100568872637,126.80464232672941,51.12300083591439,0
391.5,2.8494376297563058,83.78653708016463,92.43730768352602,125.29247657462227,50.86384334370357,0
392.0,2.653832036216386,64.72648230487391,37.81770922780581,137.5414071846821,50.22354417395995,0
392.5,2.1592473043685882,45.12752924737066,77.17740592333449,-22.845769856568467,42.44864628026605,1
393.0,1.7860596412727365,12.508914276896405,132.2224800924992,160.54309439895854,53.7234531848181,0
393.5,2.7061617122496235,84.36413858886112,42.418462252407295,148.9975035210882,49.3939236315269,0
394.5,2.6713448935920385,25.319018795646624,61.41987334359668,80.4735621060639,75.52972024501663,3
395.0,1.8216717023616897,65.3385564801446,103.02878904995714,96.8554169897895,65.88769654216672,3
395.5,2.120187493113868,86.59628609508908,128.75042362661782,89.24025724786138,51.23699275075004,3
396.0,2.301573109915455,70.76409227765777,33.1135121664275,126.70879732548278,55.188190497405984,0
396.5,2.3140941781294226,58.45863680078539,84.90097669709564,214.50934254649468,43.28345652682438,2
397.0,2.164980358556227,58.92131512497929,56.0406862965984,186.5413382138263,71.95722877810866,2
397.5,2.4868549797042494,62.80123338170462,66.82154937087593,-4.977535474512507,73.97288694773111,1
398.0,1.9797138711852216,61.38392884680148,149.33030041051103,149.76559922448388,56.56693728246525,0
398.5,2.257286154493612,54.21787135954064,24.910890148145405,206.31466556283277,65.23530644185345,2
399.0,2.3360886895135695,51.56301655927814,77.6121898448372,130.9446816551362,56.75286778933924,0
399.5,2.4543316502176244,49.06110308150716,84.030795152963,187.27843401487735,41.63274561124069,2
400.0,2.513484463426667,38.690531166999854,102.57358974818041,260.9816356560612,50.881766310363425,2
400.5,1.962607372448639,45.78987384699839,72.93949460412686,181.8967636885585,56.31927966771957,2
401.0,1.839765748779313,24.605647787069216,79.24151618512307,119.94468765133831,50.45452281256556,0
401.5,2.6833030465695527,48.52490559807875,58.25054297734627,183.60707792678028,52.81346722564964,2
402.0,2.3996942035938775,35.17113339273624,78.07380823735322,111.59102664775129,54.08600442490886,0
402.5,2.075454039033034,33.44616024176344,59.704231735077684,101.91224346279644,54.191215021345386,0
403.0,2.7653455926567565,52.698412267302174,88.64715669568153,71.8868611429014,55.522584904974835,3
403.5,2.334702390287857,70.880034295169,58.91168991869098,225.07306870656865,44.39394933603399,2
404.0,2.653789155219148,63.774749090034696,81.31301181706559,34.52570672463989,47.82983850872064,3
404.5,2.3202555444230324,26.442490945652345,69.12211558945064,222.58941797424927,42.15415734300031,2
405.0,2.918224377464596,35.15557795144494,103.78150752316505,139.9891298992297,64.778155496862,0
405.5,2.826602252732961,64.11156781982324,68.45818829234541,-11.944493984155315,33.943530581596754,1
406.0,2.225310755456278,35.26268909692536,16.809025953793558,129.41194343931372,66.53590343316925,0
406.5,2.5914712852863064,46.63050275004463,107.85764502141976,-68.00212061212991,68.86349397262843,1
407.0,2.4936127848755443,58.25078148536828,42.82803097412143,150.04064134648286,51.97819413017378,0
407.5,2.7105894672597044,35.47483317704547,50.387009840535406,170.81851863911928,28.968629121727012,0
408.0,2.0105229618259686,51.580632592189396,52.13016117869523,52.611523547835716,51.38689438032709,3
408.5,2.5058154379995314,29.989617576226934,111.23314279512452,109.88381567644659,54.35815838711181,0
409.0,2.6175273460548762,40.9794853407318,5.929773580639136,256.3325947000229,44.89401780071087,2
410.0,1.9450224462002672,26.105093997024962,101.68170427198156,15.287393035471965,70.30195198863352,1
410.5,1.6882303466719697,56.607121069405984,76.69716742387479,218.5330721970079,61.64927162301741,2
411.0,2.2191779496666326,49.70543301609978,68.3531799815114,257.00697524246357,45.754358856219,2
411.5,2.5152626767387884,58.28734931625722,78.5666222457297,100.29565374782779,39.02400830404568,0
412.0,2.750707115628808,53.358712010969924,85.63367285138015,180.9170428326685,51.729826823902286,2
412.5,2.3222284341259325,70.46210644960766,89.35646757850171,207.3180732424705,52.86543220649562,2
413.0,2.7885846636713874,51.87836753971861,86.66813398010345,40.601261396929274,59.96199187363317,3
413.5,1.8859695625355324,43.558916883121206,72.68742043765747,61.17553317057053,49.64683287432341,3
414.0,1.7889852681934535,51.83446254548426,64.07984739078022,198.46996105237878,60.114995753618615,2
414.5,2.2833356903310142,58.14947043554582,65.46180149039465,234.80114229668075,74.35154040060229,2
415.0,2.415219634681792,50.732901054885566,64.15275158941957,145.03046881394837,63.15501022444263,0
415.5,2.290191575571772,50.608875368058236,104.01310290601194,29.614851719835656,54.519114926692275,3
416.0,1.6797673699880369,39.47012468289867,87.80670166842586,258.9648889359553,53.16849528946705,2
417.0,1.908659149848544,28.960920923004597,89.67702329589284,73.18897750628386,66.80640912452145,3
417.5,2.5009017646490115,76.24365114780409,75.84208584156325,127.38702675916971,48.72686554048697,0
418.0,2.409979473829054,31.342051469130723,69.43873730662308,224.33283365718194,55.45222708999982,2
418.5,2.018036064101793,39.60642203306139,58.34444640733342,168.3180781241779,55.511979018810855,0
419.0,2.1458399247989917,39.22389101646204,103.7233815995804,133.18924002895284,49.98215807188468,0
419.5,1.9822359434333143,63.42386565416662,98.42579386368574,137.0630824094485,41.27534452115899,0
420.0,2.2811962708180484,45.57575482561958,46.81366996529172,103.48117349147729,58.22974503617668,0
420.5,2.5865426961503712,68.716131090106,82.21156861373605,144.6511611614805,54.389960281446164,0
421.0,2.0042821860993367,39.897640636341976,40.85029796376142,-102.36480621554423,60.0024046943657,1
421.5,2.451213954655353,54.18491243335703,28.611455056332083,76.27140327441613,49.66399693560833,3
422.0,2.1409227144882674,37.46979420110364,51.198483262301046,119.30575479334249,67.20821298813048,0
422.5,2.0621381503212968,82.17723691660083,95.87180417148276,7.918873310439437,46.23226218788155,1
423.0,2.2678908920136323,32.18602371455731,98.5937513612826,130.9058654249248,72.12040284017893,0
423.5,1.9894273032741876,54.64731065340541,85.39256260291879,83.64230232111028,37.52363490171739,3
424.0,2.1339052083958454,59.50665321398148,91.75287360543992,240.4380558652392,59.347700645568914,2
424.5,1.9406366322233453,56.20698646177247,85.48534861344875,225.8415780171885,59.754306825266234,2
425.0,2.8894175398749167,47.220685116834375,50.755552143311434,62.73555447054697,47.04442932059118,3
425.5,2.3105790655915186,48.05268950399861,82.95767634021821,87.93298307466438,59.24393937861012,3
426.0,2.090082347602224,50.657172079686646,94.01228575683047,94.0841947513286,67.7951866976016,3
426.5,2.3641939732202664,47.79496997557267,92.62873989440723,63.86724190723018,32.831811606459354,3
427.0,2.266301585092751,64.45818675192365,105.66740114423928,115.60199872225014,60.02744807490814,0
427.5,2.2337091201400328,83.15784502387027,91.24911541603191,39.337434488992784,30.067291796699223,3
428.0,2.4842500100130276,41.637623224882496,80.54344622624748,9.550773204997896,45.34335196476792,1
428.5,2.5272523130141913,29.452955306313832,102.10450714949283,149.8168979120215,71.29166364900945,0
429.0,2.1408496557168415,48.67576927473118,69.2043622225282,150.36236673774488,49.18217966607946,0
429.5,2.127254527806596,88.69564006481477,43.54376046316847,35.65473922720061,43.261200355910276,3
430.0,2.2174844908545066,37.944881480454036,65.10799108168709,171.62843446100797,53.020622710153184,0
430.5,1.6094236505793242,74.58675208166102,47.652920655806525,49.47378166677349,75.67906338163553,3
431.0,1.845442681340434,75.1655122111466,49.744651750768554,120.2532190430385,36.68317752793974,0
431.5,2.710062280233357,41.69617637438008,65.66443987853447,165.6275210089965,44.48690088360655,0
432.0,2.793490314050385,58.534746187779135,46.22740237000116,97.31099482370296,69.97431683179626,3
432.5,2.2252891881330865,74.42594934692806,60.76115411082879,136.37927297129076,73.57702343537733,0
433.0,2.4729670889167297,44.313083885187694,13.191559991386427,58.68562848899426,53.96568775709716,3
433.5,2.3933750463630608,46.946294598464576,76.39881122118815,84.28267332575223,42.60947297473358,3
434.5,2.6358724734303727,34.778649039607,45.48734106795428,40.27373227678089,70.94442391749197,3
435.0,2.2616247225557697,40.26083682400989,89.77737005297215,85.85806695073744,61.78946987762233,3
435.5,2.013337867819872,31.64089599856615,98.12710412879676,-23.88946390909973,46.8759765106258,1
436.0,1.8180661039227282,50.51125202388839,21.773204068930774,60.70770022863162,54.50970659161963,3
436.5,2.361039090760167,38.450401534120374,47.118256643013574,77.20996053042633,53.396399189551694,3
437.0,2.0730947764147087,53.50678867686121,46.92572950638105,79.50561980036959,58.30851304615578,3
437.5,1.8733238871206976,26.66156530694559,41.80290696673406,80.68020433033769,69.51001438131337,3
438.0,2.106028134727242,54.96320348321686,94.88424525795246,95.05886401118968,63.79417041137403,3
438.5,1.9755355989156813,62.50293442413387,64.1852158368159,138.3553214468851,44.226239230152416,0
439.0,2.8061424905217693,20.093965361428168,62.06455476068167,169.9613659306018,68.76496450019538,0
439.5,2.564491927084835,55.61084854771358,9.884129067797396,48.01878185213863,58.131321400131554,3
440.0,2.297608207605015,68.41503488709938,89.0625409062768,3.7439315688684474,61.87065795858916,1
440.5,2.7439832416670074,31.855384719631918,32.82224815439582,16.63644702055177,69.66540859278604,1
441.0,2.3232104922942853,75.08858580256555,71.79797890798984,61.023766304405825,43.88419750486449,3
441.5,2.0416147396015205,56.28528514049068,78.32130813874575,71.84629457467928,54.64174421293537,3
442.0,2.756937223180897,39.424822163623865,110.81975787515952,38.40031470420342,49.68545448640785,3
442.5,2.4616730131053974,49.16346383513441,30.73538802642664,-3.689333139991561,39.32140574634544,1
443.5,2.242898396574917,51.14008087118617,75.51548634261084,114.5141296091177,80.11556551584424,0
444.0,2.0373145239845725,58.08133988669554,124.0153354453256,147.60235726684516,36.59922255494247,0
444.5,1.885160080710699,36.1898961038095,107.16839058818312,55.4061557513343,54.6771938895053,3
445.0,2.5778532642594922,52.54041236054117,76.28978245823878,66.96017422852528,61.40542935074774,3
445.5,2.872824992141039,28.794282546425297,55.25091443103858,25.86413529221514,56.23078201656181,3
446.0,1.8804297278542574,48.33160907976949,94.21367789911932,97.48486637001788,53.86871947484259,3
446.5,2.468890771007171,36.44138537802815,40.793614008865944,32.12570926473484,42.007836365541756,3
447.0,2.104807229263452,38.9670508611535,84.29073308068658,145.850225059296,57.327867429401635,0
447.5,2.153862384870591,68.54139762815656,85.1641047749988,-42.8693193547289,47.43236022984074,1
448.0,2.122281822728339,66.36965180891403,101.80629722496639,71.22962620380301,33.100782950214466,3
449.0,2.314556488383448,33.61530852991132,81.77247901536302,114.70676130580034,64.58385819842043,0
449.5,2.0507149650766885,45.25387325457797,54.731091228775036,315.4426931184397,55.5166097685108,2
450.0,2.3811370477339513,68.19646549968775,69.23277063424017,127.98400196543261,57.29074688205703,0
450.5,2.2849285671652586,52.12575370459857,16.92772285332645,19.675632252639176,65.74318012715561,3
451.0,2.2283155859400767,84.7899430997254,49.15860606732825,92.36286023287416,57.24339656778083,3
451.5,2.0277309013875207,55.89976759091558,57.72152685660688,-42.099706677316135,64.04017554761315,1
452.0,2.1269686008295,52.880736747350475,54.27734806196223,93.55202005625912,52.0251779912615,3
452.5,2.5266173677477264,45.363253036962476,74.57064616101167,33.35551543993931,68.11983738573946,3
453.0,2.450275156287314,52.00311357173423,45.32740202853398,173.23122204481294,58.207857259326836,0
453.5,2.0067334265604346,47.712952454291845,103.63092001973413,56.036778032357205,56.94051943605874,3
454.0,2.3297996916287675,60.621630150328855,70.0062119475459,90.65872673638027,42.29938911287968,3
454.5,2.5254161370115367,64.35053475191876,69.72099036584157,49.15537268764773,57.869558543017085,3
455.0,1.7991784156635884,38.21015809238076,60.16315850461247,239.1081081482665,46.68045082505549,2
455.5,2.46300805771398,30.031505696633328,74.65572051576937,74.30057871056707,48.617172734715055,3
456.0,2.1012128723162458,22.456919403450552,94.75294794002905,246.60456347833613,46.846243716838785,2
456.5,2.4711796005779476,57.619869903688155,43.986093528672995,165.13214096946132,44.33765068100775,0
457.0,2.0710222530372446,33.449500907391894,50.2565053277423,138.5653381868309,76.24771403016962,0
457.5,1.758535369800644,17.706641105712755,60.88821913670006,129.4986517854016,68.31339061988403,0
458.0,1.811737268635051,55.82867906796446,29.62387229580355,131.5037838573001,74.20367502144262,0
458.5,2.3144254839984146,87.39499276149186,45.42226420835507,-54.21380634764881,42.77104980444436,1
459.0,2.3779167505164445,49.9089363269016,55.71337379366023,77.68932846793948,55.712537499108926,3
459.5,2.028705012468677,62.577361616774624,96.23167542138182,167.61263769474573,42.06492374795904,0
460.0,2.4915777376332118,51.22744037821347,77.87683987005775,96.08822532207155,48.04305122802936,3
460.5,1.801543981319312,48.51665520213286,75.80769734102633,-12.415187744286001,45.81873016583425,1
461.0,2.280176060405805,63.786147244816526,95.52693886503917,95.80764395380244,67.39584006441561,3
461.5,1.9366951400712629,45.64588183717023,65.8788463480181,236.3284413004393,51.0377032189824,2
462.0,2.104449167659352,54.010884711078546,81.71394549786669,199.75133724277754,65.68379333694017,2
462.5,2.314219601394924,54.8254670929402,66.90334741202511,95.03967925071746,61.04120889588518,3
463.0,2.0418759904148143,39.978643195354266,77.96087048198885,176.11594216464692,78.03638752104789,0
463.5,2.184633336731052,64.88063524304785,52.51724027165254,70.67943837055586,40.20555776860276,3
464.5,2.1269324391430553,38.66382260760733,65.97162513441087,26.04272094963565,66.46440870400727,3
465.0,2.5507076336195422,58.047647653556055,112.6824440829982,225.03110148065582,45.26621161972965,2
465.5,1.9610879436027144,36.52298027313444,97.78646206724777,78.08055345365567,65.0713333647316,3
466.0,2.4589412533745847,50.42271736053692,98.96192453773511,80.52928164999855,58.361449630262285,3
466.5,2.73247058619737,49.86321505033695,107.08392165418653,76.01294429800956,52.72523740046592,3
467.0,1.5585066499618132,66.28843348747367,72.65972772884312,252.33092716584056,46.760645130280004,2
467.5,2.060931423358857,57.12047349319929,75.91947122216787,230.07671322896505,47.80890548550814,2
468.0,2.473121638154162,49.624595618822845,51.47044313696949,277.5024186758507,75.49812095785926,2
468.5,2.239086384187102,62.266494488004305,60.5178143191885,87.2763831679959,55.006828189574826,3
469.0,2.4113437620113927,70.8531132352597,88.47313449313424,123.64995909976761,62.82130001531459,0
469.5,2.118804443985254,58.36715459527793,106.11653311506448,-21.331403953663283,47.09100618332447,1
470.0,2.3259769362418696,50.15528929765071,65.81661172957001,218.15475408946196,47.201470537783614,2
470.5,2.253296829382376,30.322456514747607,56.494322054457655,6.577635898565205,65.81984809249943,1
471.0,2.650334618497942,34.02329505386941,70.01583876569792,117.34204510101033,41.50423788448468,0
471.5,2.376326252990364,45.421629434679986,88.03620246787344,12.215797789372473,50.847862320947286,1
472.0,2.4012807986225604,40.85731696761076,26.684355515993744,52.890653860904315,55.34027411072232,3
472.5,2.1764369101632597,47.19543045521831,1.114571405882856,33.01900551602398,56.11372601840053,3
473.0,2.153718132778252,50.849748873456605,53.483894515252494,51.36997914593457,53.20906714983844,3
473.5,2.1702325436541137,57.94539131535096,33.37862722257524,56.870183748081715,58.958197810959234,3
474.0,2.418335642713489,48.94251832911363,54.75579407058068,56.138496405993834,61.92855755817811,3
474.5,2.173704655753921,57.297524657393026,65.56659043547586,166.66671294242457,62.3463754545933,0
475.0,2.386932457068924,50.9671162221518,56.402547729309596,11.610976554998388,45.14196191332174,1
475.5,2.9226202395936314,20.368001504691932,113.57402603412237,117.64331416110934,52.15844902071203,0
476.0,2.5613374110295073,35.90996909271868,79.8023429380696,197.43673218444468,66.94762861876937,2
476.5,2.2021929403496476,47.83868666417577,79.01423078832485,58.94429083892832,63.94647187573872,3
477.0,2.6603641766491832,31.854578857383387,88.66621432130205,42.56648874019185,41.27140548518936,3
477.5,2.1775773880935345,58.998930949943066,35.83500646657693,81.55802998557994,58.514799003522015,3
478.0,1.6885626394466438,72.96126248515546,101.17335362260806,194.37801666885682,35.2177475062519,2
478.5,1.9975741067247785,68.28142777545975,67.72707140393621,115.52861047626861,55.469349020603694,0
479.0,1.738762423692243,46.79835693604688,90.11441851723637,57.50285643139212,73.97767016745976,3
479.5,2.1945459547876074,72.36089205274928,37.84428300879534,138.71013209504318,45.521072827310135,0
480.0,2.3055255137568653,52.23001185803167,23.387237019518068,11.816628013086131,46.65676954508418,1
480.5,2.8029311936825847,44.94371043322941,94.53668974075086,154.50876083543585,62.640297815728594,0
481.0,2.3980782121292488,40.7989600468859,81.2922857829255,132.6885846161414,39.571984847903536,0
481.5,2.2342698413573405,45.462954702678076,42.93845336927469,75.37532230888928,48.67244970114961,3
482.0,2.5488216743550467,44.17734772188157,43.91010756175917,32.91313612422152,60.96441137581753,3
482.5,1.6366594072976342,52.55624333563232,103.76304353244308,29.065526217323423,48.65714152310597,3
483.0,2.3706843674325695,52.40860971574797,34.31764321398016,142.78538690767283,52.640300127890285,0
483.5,2.5312595581660897,50.04569030230122,119.2801885976789,198.31844019912495,62.44185710315035,2
484.0,1.8564241262660475,56.55407254619525,42.98137796056394,49.01538023769642,59.21546083536561,3
484.5,2.6431262129620787,67.85969412179512,89.15175776825149,136.67093628411874,57.66818396295402,0
485.0,2.401548922248324,64.24331203161985,60.14144572753046,-66.96216148816549,51.60877720729961,1
485.5,2.1754136258297594,27.726530473251447,88.09562293247029,53.23058154742404,58.700611152689554,3
486.0,2.4898345598318854,11.691182976470678,53.67657993657422,97.51528537032785,53.762673199002435,3
486.5,2.9812078573413183,64.01479866858911,65.11621281783117,27.225326641453307,59.57805609925785,3
487.0,2.3545598765175484,29.496819523768682,71.22757526187164,25.079490016832324,50.03067974882022,3
487.5,2.3744661758901007,46.62851897160975,39.93437632655582,46.5776354824891,53.17431025620459,3
488.0,2.1621917301379265,32.448304609109606,92.22473036260378,123.37541826610985,45.10042207447986,0
488.5,2.0450466891605625,22.970293436299706,54.603593005852446,85.01367852749003,54.64992389993764,3
489.0,2.5491007449632734,58.12194092307182,63.14200253979944,-79.05849866599777,46.88999136371155,1
489.5,2.04317485222734,61.387327404539704,40.169518761744634,-69.6560122108053,43.85953549838007,1
490.5,2.156702765970465,11.134365617826354,64.26916712199493,136.61492688428416,57.127397758576606,0
491.0,2.4436939477239172,41.806333276212754,142.37846264838748,-119.80038741801877,62.82873734948573,1
491.5,2.400098631586084,55.877060081038195,93.53812863694071,60.02158590786955,50.68874430424901,3
492.0,2.6112619832773696,27.81632646838807,69.42218860796817,57.90017147860631,59.08052846836756,3
492.5,2.146995080343576,52.750398796687335,62.11327512375197,211.06702225667584,60.50797572273663,2
493.0,2.2190375194119882,49.77035226240507,70.67397678436139,69.1982550629709,59.44773807831595,3
493.5,2.0063708852653077,58.689372494016325,86.4135734552563,130.63911877927427,46.743463171978576,0
494.0,2.1667120219771663,51.7937055262123,34.57561554073465,111.30057120699706,56.49363482271189,0
494.5,2.4131901479134554,35.40396588677667,103.42965084006616,-70.44531838457604,58.641402960546614,1
495.0,2.5270965849936053,67.94857252496737,91.46143946323733,161.45657733053898,55.07178466907942,0
495.5,2.023350402746712,47.62205640459545,91.54557177123803,117.23172043650304,34.13522341628915,0
496.0,2.5608817760316978,49.590431907351025,83.15427216429183,140.66149117396716,56.6048962397348,0
496.5,2.706691357641485,36.00098061390206,70.58849973081969,414.0990165149061,77.12531039397243,2
497.0,2.42403047096711,43.35076623212734,90.1858370790046,-66.72903515988708,51.39960731243017,1
497.5,2.8630387437674196,36.727959289596484,87.75442401224134,237.97573198088867,47.719229021446786,2
498.0,2.067863240268928,47.405809101148655,59.37877867176928,77.00419844797156,58.73348559711398,3
498.5,1.9266035890065747,75.67562720213516,52.79194681309297,122.98631235224074,58.123782104665715,0
499.0,1.7663839253287161,29.421482856029655,73.05568885785961,96.35902037590063,66.92735165416414,3
499.5,2.7488132934467546,25.796579031848882,116.47060454485562,66.06109332815652,42.42131844091112,3
500.0,2.4963096969062173,72.06755491240412,32.826787730382975,54.4133657408993,62.31380252574992,3
500.5,2.283324598726863,46.86014484272201,25.974242027426797,126.36069884584073,60.904220612514635,0
501.0,2.383990587895946,39.963908920101254,74.9428252370955,-21.37389573373433,53.57853463059454,1
501.5,1.9623532858104868,65.59857031094114,71.52663105568054,160.04633340174124,58.3868731792169,0
502.5,2.338766354592568,77.39014570320404,77.31859593725501,9.594452876771385,63.72315380028451,1
503.0,2.3328184383814676,60.16888807008904,63.30393236095585,63.998971360334906,43.569806879262714,3
503.5,2.5177299871696075,42.68132887781446,114.69590315806246,200.57193734900582,63.20158186755484,2
504.0,2.4443027695210136,82.35962319898255,21.972880645704535,57.17319303870215,54.353113949674814,3
504.5,2.367165207283739,40.914276154949924,45.14508925659262,128.6762894567696,55.72874098015515,0
505.0,2.0628576633664064,61.13143058013961,66.90235719552858,41.523497942762134,55.73196991001694,3
505.5,2.4414405071407987,54.48938870609738,20.704335665374984,160.63374799388956,53.4975701120174,0
506.0,2.86460734894251,69.52611934098198,64.72436786703787,154.84061910321634,66.91707497107065,0
506.5,2.703626013846493,73.42266795090279,119.84410497184055,247.88870666371292,54.16282040150788,2
507.0,2.777955987991819,50.4800622359865,70.62659464887885,85.95488436006276,43.80453871616831,3
507.5,2.1466352970706444,38.69873194480725,76.92102717156051,153.49238438063253,51.06470144030271,0
508.0,2.0031185539224254,56.89958214408675,32.19505704482259,107.84540316311556,56.78694716810475,0
508.5,2.2622639239701052,39.834269453718406,51.509157758815675,203.66974254904113,67.29214784297051,2
509.0,2.3167174736866083,80.20080871289935,58.74410859028189,42.49340899130157,61.03094684948834,3
509.5,2.6282574555412843,52.04802996624106,60.46854709731298,159.6004250301825,46.49464721252956,0
510.0,1.792260611085554,44.52017673031837,108.44931385011306,84.42421631066546,79.85189916678891,3
510.5,2.7588650958381837,52.77020458797362,86.73073182175374,94.86494583132018,57.6477531097798,3
511.0,2.252597630426303,29.793105657054554,36.65626129188904,107.34019875586984,67.75390737999015,0
511.5,2.171935679015774,35.42578942234023,77.39514335296015,120.17923171413419,53.482855664227706,0
512.0,1.9963686874219495,68.00620861916639,84.94665245490356,90.70167655024335,60.33359244705449,3
512.5,1.803542998440269,40.14658581542906,104.204471155638,117.1770546536421,63.39468504518405,0
513.0,2.5469511751885743,34.296335259770906,117.41622059705121,226.24944460497477,67.18194711754256,2
513.5,2.321995390156521,58.049791287909294,39.547174245163944,178.83597484921748,65.57368305378225,0
514.0,1.9130117300776837,67.78556231994496,45.67427466368986,169.5323673997517,63.721970000729776,0
514.5,1.911476368380915,60.784299659976,32.27266423256151,63.556837918090345,51.849132688058916,3
515.0,2.1992645902129615,64.94071528708724,62.97940422679056,28.86073374173405,49.28253958043938,3
515.5,2.8007064575868177,38.64807367145809,83.99075123339003,176.42404465902024,58.326075103241976,0
516.0,2.2221225945909184,28.672839998872345,99.62003549767306,170.08374340238353,64.33128072341069,0
516.5,1.849057114064568,72.5200047793323,67.72146929072431,217.81365406007856,52.77279299223393,2
517.0,2.2262770807742167,45.15980241736796,60.40457430235468,51.68154992246164,65.65171965714387,3
517.5,2.2181829290756987,46.23750475317429,74.55273976746221,81.63610757117223,69.52616745486179,3
518.5,2.2837115400446564,58.343450141009896,132.6861616508432,68.60231151513017,46.630792962037205,3
519.0,2.2307196409373966,56.83831658122411,21.77016918645824,179.72564084635576,53.59624941094663,0
519.5,2.5088619094440254,82.47503517351626,75.54221736687174,62.680369661744166,58.076126681891964,3
520.0,2.8546868284836036,40.347226544297854,130.70818657688918,151.2383836160659,49.75432986232949,0
520.5,2.637969508864327,63.917601921218555,70.20399533679993,84.75975152017509,68.52202678867144,3
521.0,2.219333392833551,50.855196873456265,64.29882894995517,125.92456225772486,59.24066861518451,0
521.5,1.9680422273774987,54.02888418294886,59.27663731568718,8.184688814746607,55.39447048240739,1
522.5,2.3177655302043463,57.61753634434436,111.18545424029591,-139.29087767205786,41.84184183572493,1
523.0,2.3041787875738837,58.07444118574449,3.6441426601147953,85.04830734704122,57.810092502818065,3
523.5,2.2927624738669987,66.08761005964703,116.00301103888977,-30.437859497211207,33.67404373845164,1
524.0,2.3594254282303564,44.52570905685672,27.28128542649565,196.4795613237453,65.12637409644071,2
524.5,2.256691876422817,37.4118549899149,62.00043012296756,162.1925882211609,53.418461556276796,0
525.0,2.127901397935929,34.327862089684494,57.122667391040146,137.33367855728648,87.43092969594733,0
525.5,2.1359423176278822,20.504651159359973,87.65659809312159,221.6804981727504,78.07916250616111,2
526.0,2.2901740189352005,80.84310694910484,22.056269443487572,24.086678334013016,53.18550930752483,3
526.5,2.1369725686598704,33.451874514174754,83.86517998245829,239.78905583324465,53.93662997468685,2
527.0,2.0861462651968505,46.68119564621342,130.72928869860556,174.57532514083078,64.95581514002029,2
527.5,2.331929068307569,45.84780050166619,29.104779862215686,81.07557702248431,72.03172609918037,3
528.0,2.2235068347737434,54.61110046713651,75.69118502831186,190.84961177463555,38.61970942563983,2
528.5,2.7511978965748063,62.23605818808945,50.14053466610173,11.496519007069267,37.13624534645314,1
529.0,1.5047090574820963,62.90710232539618,82.77661618579107,34.03886707778612,48.779651944456184,3
529.5,2.627452055576738,41.25383842146592,70.57443332247256,51.31282214082397,60.82737583173864,3
530.0,2.6738255577492884,47.49317429320383,50.755392728670714,57.68178335487878,59.968735905075974,3
530.5,1.677982930277555,54.2386992573245,84.63616854613223,15.475388579179779,65.69771454983851,1
531.0,2.197193721775895,46.2696331072468,124.1304432936023,197.846645367626,43.003024716346914,2
531.5,2.1885677402012624,74.1101836402999,64.27288624818104,79.29164797041346,31.838561370311233,3
532.0,1.8777464915846536,57.36462427457377,91.59273826444546,128.20039746855036,63.58014195302145,0
532.5,2.066654993722737,61.02316679074726,31.20181126386509,54.37189068690556,46.71803727034765,3
533.0,1.9668272463602512,59.94321903001119,41.30690869545974,-45.64826404388137,34.81512135611362,1
533.5,2.8256811330270866,67.60210786227987,84.17218833641132,121.60458867131376,56.450637459593814,0
534.0,2.5807035179442384,52.7153233805556,114.52348085607895,-52.98039803358216,62.931756882186775,1
534.5,2.6814665284982473,30.547520780662303,80.6684004635698,94.50927631316252,53.77942867878723,3
535.0,2.5165016192129706,55.99531927628962,60.608259084305374,-9.465203106624841,50.42151613817511,1
535.5,1.961284468634831,40.22964659312257,69.97874216270063,258.9820799384646,53.406377678540935,2
536.0,2.142643920116068,42.07074977375365,32.48776798090847,172.90901777397772,51.29417237599217,0
536.5,2.4468123683683753,58.7954602813264,88.135459790661,108.46030330171843,41.51952888059833,0
537.0,1.9333616573324162,68.57424607150453,96.46999186970227,201.09653421237348,47.853193230095684,2
537.5,2.513899529051716,50.319073651040924,56.43729001500759,32.29472180274114,60.212799050138145,3
538.0,2.2279023805525595,54.63249518898446,55.898735567214956,143.47835029360743,58.216785413765,0
538.5,2.1875537577351207,75.53322416952857,77.97634688956146,115.98483469749708,56.6805980596682,0
539.0,2.5132879904610474,53.61129769232853,56.898407918782134,121.1216065066936,45.04851518146621,0
539.5,2.433278993445812,89.02524671270592,68.01602156122533,201.78828000854142,53.184968378643326,2
540.0,2.1917101502542757,58.482644684473165,132.99165367499546,158.5993682223842,33.22934953557145,0
540.5,2.6477989410092744,23.588558612662734,62.5892289776201,123.09789302600186,56.784766638853895,0
541.0,1.9756810017200306,61.30012431656799,59.24979543936333,-32.3909948982637,69.28857707813567,1
541.5,2.484780682083279,55.71737577324167,50.57374583094523,23.19629637764291,40.25867867957894,3
542.0,2.477930377390515,69.34629131124119,92.3257591449981,90.18328531234206,49.14072326682245,3
542.5,2.2071360682058025,60.097720269049375,64.5632748034569,107.4697899421321,58.2910677871013,0
543.0,2.397839906672635,47.92316024024339,50.51880885035722,9.583702026086087,67.52842634427483,1
543.5,1.9246659270844089,31.635526455659512,109.63912096819035,292.9341340462737,50.51775383699851,2
544.0,2.57720810576207,46.86465114070962,112.58809013540912,221.31152442028582,48.077496707341034,2
544.5,2.244529359067103,37.2421931868605,51.987293027838845,148.16946563139868,35.31076857583917,0
545.0,2.143183093844288,41.29214825292916,14.00380145918151,105.76294890269958,56.03438129308106,0
545.5,2.6147027677510666,58.82867606630914,100.22541069510766,83.02328240790786,75.42076040143743,3
546.0,2.088696892837172,75.0485675652711,49.46110522719988,23.84652319822115,57.77358461964676,3
546.5,1.877461611090932,55.920072947344714,93.71876797488306,106.19844148150901,54.77721020816287,0
547.0,1.8330112479428287,32.06175406947224,10.896885468644932,120.62020321142006,58.22082310766986,0
547.5,2.4818029854036916,56.66904002330211,96.77792014897928,0.6591539614700537,54.88907996051398,1
548.0,1.9158711942511149,67.94947229968477,33.66484212157656,126.7341133795918,46.8698562773987,0
548.5,2.8264382545953093,40.85325643520927,91.92292357199574,87.5792760940201,63.232799156777055,3
549.0,1.6754211776348833,47.989742499906235,70.42819203509302,-52.62460463019127,57.25761523111754,1
549.5,2.808936910487011,50.22032292093795,41.38181741810065,31.16919913763985,55.176132519336576,3
550.0,2.3633052401607855,38.2265253037664,57.78891061219659,66.91155732626845,45.2463397272175,3
550.5,2.270986066438882,59.72420650765788,90.58955370870103,251.01501258721524,68.03507931934759,2
551.0,2.1365242739573147,48.18577777088328,73.17683359345703,144.52424996270065,61.6470274533311,0
551.5,2.419740834305621,56.292986658605415,87.53238941417453,-6.838525527991308,49.47079162632698,1
552.0,2.2887095892725453,36.6876173329685,129.29321753546458,138.88290315341095,65.01824853681937,0
552.5,2.6309905646049563,43.438125495148846,23.072751648668458,-23.784319115069238,50.02429161614793,1
553.0,2.3342682945986115,60.83572036741657,118.51637724905872,186.61528431096588,47.17996507488963,2
553.5,2.345090528438563,44.4075027186235,73.13067812569639,62.31002785456971,47.40296882519713,3
554.0,2.1909163363358433,75.90445776850108,43.03647855030616,92.50910490086633,37.28931446911909,3
554.5,2.2829163128836796,44.005457215780964,30.090591227830302,206.06373180337522,59.71542380418206,2
555.0,2.3923405306676178,53.37027088627829,64.32638827668899,-2.97308548673999,36.6885512166165,1
555.5,1.786949482203012,63.98886247809635,97.64950335773378,-11.769454809039303,42.71556168734237,1
556.0,1.895544373368286,28.724514006004526,66.17352638867398,53.31205389231961,34.24411990921467,3
556.5,2.522979228206814,23.587867820288363,115.33464790742042,183.07030808154533,54.13930307209107,2
557.0,2.3512596314383822,27.11515528144858,26.464729298453236,-21.54768603814739,53.49679539728128,1
557.5,2.244804999094196,68.93876155140774,69.63733156461836,-126.57244784884551,51.73303786813636,1
558.0,2.305530179919618,41.7221278116133,32.42819666760643,63.9072913272801,44.57422305329423,3
558.5,2.404274511608501,88.37298928502378,80.90895647874903,144.13926399287362,43.2776624656336,0
559.0,2.1380720959071913,41.53628602013917,96.60662170291901,196.02093997910634,59.64369863546574,2
559.5,2.066508582379306,52.768269547955555,57.3771461895684,62.94709103316808,49.494480682915125,3
560.5,2.0064881667154904,80.09139332238684,75.96844440389484,192.31205874045978,46.14751313875777,2
561.0,2.4224758267143414,80.92255364954596,83.10215655200528,-49.579335975633654,56.81062742771083,1
561.5,1.7892249187286478,68.12549345889714,82.12884264885093,68.91833798535926,68.03278037316063,3
562.0,2.608746691197693,65.36093788717193,107.07346575466462,115.23391119400462,60.861658003927836,0
562.5,2.4417792447239126,58.88790423801775,37.86838961052853,135.93749770280274,50.875861817835194,0
563.0,2.3768089202941627,61.675416142499564,90.40648316351349,59.21546454472939,57.571989703559275,3
563.5,2.594807295183654,41.732214255071995,105.77522537433924,102.7552809364673,52.59334825469787,0
564.0,2.799642333338773,37.72701674866539,16.642372479804493,-99.06618827303916,55.07880184694728,1
564.5,2.604311019505439,49.94938313883572,79.58955477756932,47.34012701329213,51.743889478514966,3
565.0,1.7477377306005062,47.447230662126074,54.874605069769856,136.2806970043574,53.356647941146086,0
565.5,1.9161269099792895,43.201579260090874,67.55431980695062,21.416477259625637,57.12093353074175,3
566.0,2.1125544266912963,60.44581171185073,80.43029450615009,104.71873772716779,45.06641300418049,0
566.5,2.30782731506325,64.32957812855766,55.38314307659343,135.74980006421583,44.84121173010021,0
567.0,2.455297706140737,51.32610329437771,49.728757625151644,72.59606393137881,41.11457446168789,3
567.5,2.08227685605396,72.16295121582893,71.02457252464073,113.63710167972567,38.9972889549629,0
568.0,2.356030029343123,32.87466328799742,37.38262183411592,22.981394777231017,42.82717307779521,3
568.5,2.0733851202940032,47.095108110804226,37.42524613344444,83.47109762431627,56.59462506804129,3
569.0,2.1165446591024155,39.247665190957925,90.3811984886951,148.8172935671378,46.07212484508116,0
569.5,1.8780016709455332,22.0019507439041,35.536178945240316,112.55783687747474,60.13614464231096,0
570.0,2.0230300261667287,48.75978971235951,89.98937502727635,53.07749843488516,55.34713748752562,3
570.5,1.8944946183150997,48.17378737425075,83.87773878561853,117.93731234326344,35.31495786561946,0
571.0,2.0072380241068,72.70174614863197,18.2257981362821,157.16878325092944,61.549755842216896,0
571.5,2.6160925389823517,59.462175268321666,49.673060429930345,-63.99530228619824,63.1079864559171,1
572.0,2.015180333350417,34.63719763506192,105.82328209142118,192.72592519647182,45.06137325165147,2
573.0,2.4479953702642665,68.31550543288029,56.06787213071837,134.03919465921842,46.43501762590801,0
573.5,2.355450837108462,58.731465552029235,83.86182679755689,195.7797538916182,55.97670376748336,2
574.0,2.0424926659456357,46.60273851725252,93.50171527847786,-9.733895778437272,42.35501593045034,1
574.5,2.5100929638226974,35.6084114491478,62.45383341866513,43.24471980579627,37.06893547465423,3
575.0,2.1273086521286677,44.416898358934205,52.074694159250754,76.91610432994361,51.17182810387031,3
575.5,2.3366029443936083,66.33122929556279,112.67109585095523,37.29971831004573,53.762710537251635,3
576.5,2.271182030082605,73.14865292408284,99.36574152345386,31.458232493856585,43.1596944177744,3
